{"test_case": "large", "description": "Large FASTQ file (~1GB)", "threads": 1, "io_result": {"name": "I/O time (1 threads)", "time": 1.607532024383545, "threads": 1}, "compute_result": {"name": "Compute time (1 threads)", "min": 0.8691689968109131, "max": 0.9375205039978027, "mean": 0.8996893564860026, "threads": 1}, "total_result": {"name": "Total time (1 threads)", "min": 2.476701021194458, "max": 2.5450525283813477, "mean": 2.5072213808695474, "threads": 1}}