{"test_case": "large", "description": "Large FASTQ file (~1GB)", "threads": 8, "io_results": [{"name": "I/O time (8 threads)", "min": 0.6327385902404785, "max": 0.8434042930603027, "mean": 0.7509147855970595, "threads": 8}], "compute_results": [{"name": "Compute time (8 threads)", "min": 0.3817441463470459, "max": 0.4031715393066406, "mean": 0.3886770142449273, "threads": 8}], "total_results": [{"name": "Total time (8 threads)", "min": 1.0164997577667236, "max": 1.2272934913635254, "mean": 1.1395917998419867, "threads": 8}]}