{"test_case": "large", "description": "Large FASTQ file (~1GB)", "threads": 4, "io_results": [{"name": "I/O time (4 threads)", "min": 0.5882728099822998, "max": 0.7926933765411377, "mean": 0.6670373545752631, "threads": 4}], "compute_results": [{"name": "Compute time (4 threads)", "min": 0.831383228302002, "max": 0.894242525100708, "mean": 0.8638915485805936, "threads": 4}], "total_results": [{"name": "Total time (4 threads)", "min": 1.440636396408081, "max": 1.6754202842712402, "mean": 1.5309289031558566, "threads": 4}]}