{"test_case": "large", "description": "Large FASTQ file (~1GB)", "threads": 1, "io_results": [{"name": "I/O time (1 threads)", "min": 0.6182055473327637, "max": 0.9832141399383545, "mean": 0.8017371230655246, "threads": 1}], "compute_results": [{"name": "Compute time (1 threads)", "min": 0.8583478927612305, "max": 1.0662999153137207, "mean": 0.9281605349646674, "threads": 1}], "total_results": [{"name": "Total time (1 threads)", "min": 1.518378734588623, "max": 2.010096788406372, "mean": 1.7298976580301921, "threads": 1}]}