{"test_case": "large", "description": "Large FASTQ file (~1GB)", "threads": 1, "io_results": [{"name": "I/O time (1 threads)", "min": 0.6698586940765381, "max": 1.019057273864746, "mean": 0.8514483504825168, "threads": 1}], "compute_results": [{"name": "Compute time (1 threads)", "min": 0.8527231216430664, "max": 1.1928379535675049, "mean": 0.9228960937923856, "threads": 1}], "total_results": [{"name": "Total time (1 threads)", "min": 1.5333995819091797, "max": 2.039198875427246, "mean": 1.7743444442749023, "threads": 1}]}