{"test_case": "large", "description": "Large FASTQ file (~1GB)", "threads": 8, "io_results": [{"name": "I/O time (8 threads)", "min": 0.5913586616516113, "max": 0.7800803184509277, "mean": 0.6978295379214816, "threads": 8}], "compute_results": [{"name": "Compute time (8 threads)", "min": 0.8613810539245605, "max": 0.9691042900085449, "mean": 0.9262392520904541, "threads": 8}], "total_results": [{"name": "Total time (8 threads)", "min": 1.5423190593719482, "max": 1.7018818855285645, "mean": 1.6240687900119357, "threads": 8}]}