{"test_case": "large", "description": "Large FASTQ file (~1GB)", "threads": 8, "io_results": [{"name": "I/O time (8 threads)", "min": 0.6234092712402344, "max": 0.9100172519683838, "mean": 0.766278452343411, "threads": 8}], "compute_results": [{"name": "Compute time (8 threads)", "min": 0.3992919921875, "max": 0.44449877738952637, "mean": 0.41247137387593585, "threads": 8}], "total_results": [{"name": "Total time (8 threads)", "min": 1.0227012634277344, "max": 1.3166728019714355, "mean": 1.1787498262193468, "threads": 8}]}