{"test_case": "large", "description": "Large FASTQ file (~1GB)", "threads": 4, "io_results": [{"name": "I/O time (1 threads)", "min": 0.5574431419372559, "max": 0.8258073329925537, "mean": 0.6828830507066515, "threads": 1}], "compute_results": [{"name": "Compute time (1 threads)", "min": 0.8310375213623047, "max": 0.9727091789245605, "mean": 0.8843294514550103, "threads": 1}], "total_results": [{"name": "Total time (1 threads)", "min": 1.3884806632995605, "max": 1.7872214317321777, "mean": 1.5672125021616619, "threads": 1}]}