{"test_case": "large", "description": "Large FASTQ file (~1GB)", "threads": 2, "io_results": [{"name": "I/O time (2 threads)", "min": 0.5836706161499023, "max": 0.8107771873474121, "mean": 0.6963720851474338, "threads": 2}], "compute_results": [{"name": "Compute time (2 threads)", "min": 0.8304903507232666, "max": 0.8768908977508545, "mean": 0.8507387108272977, "threads": 2}], "total_results": [{"name": "Total time (2 threads)", "min": 1.4388971328735352, "max": 1.651850938796997, "mean": 1.5471107959747314, "threads": 2}]}