{
  "test_case": "large",
  "description": "Large FASTQ file (~1GB)",
  "io_results": [
    {
      "name": "I/O time (1 threads)",
      "min": 1.3344073295593262,
      "max": 1.6201186180114746,
      "mean": 1.468625095155504,
      "threads": 1
    },
    {
      "name": "I/O time (8 threads)",
      "min": 1.24403977394104,
      "max": 1.6140286922454834,
      "mean": 1.3693613741132948,
      "threads": 8
    }
  ],
  "compute_results": [
    {
      "name": "Compute time (1 threads)",
      "min": 1.5359842777252197,
      "max": 1.5907251834869385,
      "mean": 1.5609151787228055,
      "threads": 1
    },
    {
      "name": "Compute time (8 threads)",
      "min": 0.707287073135376,
      "max": 0.7425098419189453,
      "mean": 0.7205379009246826,
      "threads": 8
    }
  ],
  "total_results": [
    {
      "name": "Total time (1 threads)",
      "min": 2.8710248470306396,
      "max": 3.183117389678955,
      "mean": 3.0295402738783093,
      "threads": 1
    },
    {
      "name": "Total time (8 threads)",
      "min": 1.9659173488616943,
      "max": 2.325270175933838,
      "mean": 2.0898992750379772,
      "threads": 8
    }
  ]
}