{
  "test_case": "large",
  "description": "Large FASTQ file (~1GB)",
  "io_results": [
    {
      "name": "I/O time (1 threads)",
      "min": 2.6869940757751465,
      "max": 3.581247568130493,
      "mean": 3.264272610346476,
      "threads": 1
    },
    {
      "name": "I/O time (8 threads)",
      "min": 2.8761820793151855,
      "max": 3.8471410274505615,
      "mean": 3.230402522616916,
      "threads": 8
    }
  ],
  "compute_results": [
    {
      "name": "Compute time (1 threads)",
      "min": 7.523889780044556,
      "max": 8.438907384872437,
      "mean": 7.826500707202488,
      "threads": 1
    },
    {
      "name": "Compute time (8 threads)",
      "min": 4.464269399642944,
      "max": 5.3445985317230225,
      "mean": 4.740858104493883,
      "threads": 8
    }
  ],
  "total_results": [
    {
      "name": "Total time (1 threads)",
      "min": 10.210883855819702,
      "max": 11.929291486740112,
      "mean": 11.090773317548964,
      "threads": 1
    },
    {
      "name": "Total time (8 threads)",
      "min": 7.41407036781311,
      "max": 8.973024129867554,
      "mean": 7.971260627110799,
      "threads": 8
    }
  ]
}