{"test_case": "large", "description": "Large FASTQ file (~1GB)", "speedup_results": [{"threads": 1, "time": 1.7264348060000179, "speedup": 1.0}, {"threads": 2, "time": 1.6008193477779666, "speedup": 1.078469477768627}, {"threads": 4, "time": 1.5921646594445822, "speedup": 1.0843318219374842}, {"threads": 8, "time": 1.6546645523339976, "speedup": 1.0433745036507758}]}